{
  "sac": {
    "dry": {
      "snh": 3.995835037017849,
      "snh_std": 1.0689428661022107,
      "sno": 11.160683028953299,
      "sno_std": 0.6784588225370365,
      "ntot": 17.21025287543673,
      "ntot_std": 0.4819407168533108,
      "cod": 49.587373532549414,
      "cod_std": 0.5702602143603723,
      "bod5": 2.915358264770119,
      "bod5_std": 0.09630689053580456,
      "tss": 14.027397791186207,
      "tss_std": 0.39795126001219294,
      "ae": 4314.499604498121,
      "ae_std": 116.37229780070298,
      "pe": 388.1700000000001,
      "pe_std": 0.0,
      "me": 240.0,
      "me_std": 0.0,
      "eqi": 7298.759062888717,
      "eqi_std": 923.4769389147868,
      "oci": 4942.669604498122,
      "oci_std": 116.37229780070317,
      "reward": -5.223517844775747,
      "reward_std": 2.7002075803635495,
      "kla3": 285.48782806396486,
      "kla3_std": 7.221381850635018,
      "kla4": 300.0666473388672,
      "kla4_std": 5.2222611137994015,
      "kla5": 142.6993963241577,
      "kla5_std": 26.003366226548206,
      "snh_t3": 7.291636808429635,
      "snh_t3_std": 1.0112846897148342,
      "snh_t4": 5.0759272900079955,
      "snh_t4_std": 1.1746285993956176,
      "snh_t5": 3.634278535947021,
      "snh_t5_std": 1.0893209687167904,
      "violation_snh": 0.55,
      "violation_ntot": 0.2,
      "violation_tss": 0.0,
      "violation_cod": 0.0,
      "violation_bod5": 0.0
    },
    "rain": {
      "snh": 4.220920399840942,
      "snh_std": 1.3053296568206112,
      "sno": 10.060099605799945,
      "sno_std": 1.5710621598138161,
      "ntot": 16.490661838247103,
      "ntot_std": 1.16893204372724,
      "cod": 51.287182416274035,
      "cod_std": 1.5462396318108942,
      "bod5": 3.1797635972620704,
      "bod5_std": 0.25694572423447404,
      "tss": 15.26152209486878,
      "tss_std": 1.0991131919133321,
      "ae": 4562.952990982056,
      "ae_std": 483.96520820319705,
      "pe": 388.1700000000001,
      "pe_std": 0.0,
      "me": 240.0,
      "me_std": 0.0,
      "eqi": 9234.556529735568,
      "eqi_std": 2293.566021423862,
      "oci": 5191.122990982056,
      "oci_std": 483.96520820319705,
      "reward": -5.972801084573746,
      "reward_std": 3.6064591969657362,
      "kla3": 280.31798095703124,
      "kla3_std": 13.214682719681528,
      "kla4": 310.13011932373047,
      "kla4_std": 15.184550312437883,
      "kla5": 179.74276466369628,
      "kla5_std": 79.75542228317556,
      "snh_t3": 6.972687224039059,
      "snh_t3_std": 0.9698231485555935,
      "snh_t4": 4.92308559507872,
      "snh_t4_std": 1.11668507288063,
      "snh_t5": 3.525585266514723,
      "snh_t5_std": 1.0400931445579202,
      "violation_snh": 0.55,
      "violation_ntot": 0.15,
      "violation_tss": 0.0,
      "violation_cod": 0.0,
      "violation_bod5": 0.0
    },
    "storm": {
      "snh": 3.987125591904411,
      "snh_std": 1.067516360231597,
      "sno": 11.163211006526383,
      "sno_std": 0.6788593596168359,
      "ntot": 17.204059912797117,
      "ntot_std": 0.4801810441691017,
      "cod": 49.58721971944265,
      "cod_std": 0.5702404175860639,
      "bod5": 2.9154023244258953,
      "bod5_std": 0.09630398914565756,
      "tss": 14.027254093891358,
      "tss_std": 0.39795298330718176,
      "ae": 4314.705938761394,
      "ae_std": 116.48726010645922,
      "pe": 388.1700000000001,
      "pe_std": 0.0,
      "me": 240.0,
      "me_std": 0.0,
      "eqi": 7294.465976952097,
      "eqi_std": 922.2767928360872,
      "oci": 4942.875938761393,
      "oci_std": 116.48726010645922,
      "reward": -5.197347231519011,
      "reward_std": 2.692341945744542,
      "kla3": 285.584969329834,
      "kla3_std": 7.17434919058378,
      "kla4": 300.08462677001955,
      "kla4_std": 5.180779036369217,
      "kla5": 142.6191032409668,
      "kla5_std": 26.004992457214115,
      "snh_t3": 7.283959921483858,
      "snh_t3_std": 1.010090777237614,
      "snh_t4": 5.0676898567033,
      "snh_t4_std": 1.1733684706815295,
      "snh_t5": 3.626712051807916,
      "snh_t5_std": 1.0875703243849406,
      "violation_snh": 0.55,
      "violation_ntot": 0.2,
      "violation_tss": 0.0,
      "violation_cod": 0.0,
      "violation_bod5": 0.0
    }
  },
  "td3": {
    "dry": {
      "snh": 4.14183194971028,
      "snh_std": 1.4006332956807603,
      "sno": 11.324605812963807,
      "sno_std": 1.483438636413084,
      "ntot": 17.517156600569088,
      "ntot_std": 0.22155841223805184,
      "cod": 49.593897853551134,
      "cod_std": 0.5790964937856719,
      "bod5": 2.917028376272607,
      "bod5_std": 0.098757109675146,
      "tss": 14.02738293111318,
      "tss_std": 0.39797743667606544,
      "ae": 4897.535826567332,
      "ae_std": 130.8608141099825,
      "pe": 388.1700000000001,
      "pe_std": 0.0,
      "me": 240.0,
      "me_std": 0.0,
      "eqi": 7439.824792554183,
      "eqi_std": 960.6742194047897,
      "oci": 5525.705826567332,
      "oci_std": 130.8608141099825,
      "reward": -7.021936489409325,
      "reward_std": 3.010272046293686,
      "kla3": 360.0,
      "kla3_std": 0.0,
      "kla4": 304.2068130493164,
      "kla4_std": 13.029455733726314,
      "kla5": 162.45902414321898,
      "kla5_std": 25.006576157158264,
      "snh_t3": 7.2887915369051175,
      "snh_t3_std": 1.2947892698156829,
      "snh_t4": 5.114859513532058,
      "snh_t4_std": 1.3978888177399782,
      "snh_t5": 3.856596615580628,
      "snh_t5_std": 1.4747047727640856,
      "violation_snh": 0.55,
      "violation_ntot": 0.2,
      "violation_tss": 0.0,
      "violation_cod": 0.0,
      "violation_bod5": 0.0
    },
    "rain": {
      "snh": 4.305590120272457,
      "snh_std": 1.6357290961355107,
      "sno": 10.29589704883037,
      "sno_std": 2.1615798106282345,
      "ntot": 16.80946912959744,
      "ntot_std": 1.2291397097179435,
      "cod": 51.290736441769596,
      "cod_std": 1.5507234727089734,
      "bod5": 3.180640927168891,
      "bod5_std": 0.2580420112852081,
      "tss": 15.261475943388325,
      "tss_std": 1.099031407050028,
      "ae": 5114.893194195642,
      "ae_std": 346.81009925807444,
      "pe": 388.1700000000001,
      "pe_std": 0.0,
      "me": 240.0,
      "me_std": 0.0,
      "eqi": 9349.585137453028,
      "eqi_std": 2300.2060550120136,
      "oci": 5743.063194195641,
      "oci_std": 346.81009925807456,
      "reward": -7.29467121346666,
      "reward_std": 4.041714269025744,
      "kla3": 360.0,
      "kla3_std": 0.0,
      "kla4": 295.89039154052733,
      "kla4_std": 16.146033919030547,
      "kla5": 207.46367349624634,
      "kla5_std": 68.75469760584514,
      "snh_t3": 6.9464883810986295,
      "snh_t3_std": 1.2555135263210788,
      "snh_t4": 4.9525876063443075,
      "snh_t4_std": 1.3422713656275325,
      "snh_t5": 3.68747733884137,
      "snh_t5_std": 1.4409839921127146,
      "violation_snh": 0.5,
      "violation_ntot": 0.15,
      "violation_tss": 0.0,
      "violation_cod": 0.0,
      "violation_bod5": 0.0
    },
    "storm": {
      "snh": 4.131350236892312,
      "snh_std": 1.3982163962638712,
      "sno": 11.331401813160234,
      "sno_std": 1.481392604101104,
      "ntot": 17.51346258138588,
      "ntot_std": 0.21977870527965157,
      "cod": 49.593679974027694,
      "cod_std": 0.5790875397778105,
      "bod5": 2.917055855066374,
      "bod5_std": 0.09875353160594526,
      "tss": 14.027238596189681,
      "tss_std": 0.39797909653021196,
      "ae": 4897.205898761749,
      "ae_std": 130.0153787492202,
      "pe": 388.1700000000001,
      "pe_std": 0.0,
      "me": 240.0,
      "me_std": 0.0,
      "eqi": 7435.413282932878,
      "eqi_std": 959.6010879227335,
      "oci": 5525.375898761749,
      "oci_std": 130.01537874922013,
      "reward": -6.997117313692837,
      "reward_std": 3.0063202196783543,
      "kla3": 360.0,
      "kla3_std": 0.0,
      "kla4": 304.1580528259277,
      "kla4_std": 12.966168134747653,
      "kla5": 162.4520951271057,
      "kla5_std": 24.815072749036204,
      "snh_t3": 7.280284479458855,