{
  "sac": {
    "dry": {
      "snh": 4.664384810469758,
      "snh_std": 1.1838038211363577,
      "sno": 9.919002515978551,
      "sno_std": 0.6508991678648915,
      "ntot": 16.637813764651234,
      "ntot_std": 0.6000875651204768,
      "cod": 49.60525775787371,
      "cod_std": 0.5730487561789764,
      "bod5": 2.9199396792055468,
      "bod5_std": 0.0970773490338038,
      "tss": 14.027324847163737,
      "tss_std": 0.39796627583293903,
      "ae": 3938.5520894978836,
      "ae_std": 132.73013750006504,
      "pe": 388.1700000000001,
      "pe_std": 0.0,
      "me": 240.0,
      "me_std": 0.0,
      "eqi": 7417.398446374655,
      "eqi_std": 985.2132067067871,
      "oci": 4566.722089497885,
      "oci_std": 132.7301375000646,
      "reward": -5.906860152105399,
      "reward_std": 2.919453317131402,
      "kla3": 291.5517776489258,
      "kla3_std": 20.372186820550592,
      "kla4": 251.76793899536133,
      "kla4_std": 19.7032774748212,
      "kla5": 121.47714767456054,
      "kla5_std": 20.636184445849526,
      "snh_t3": 7.686702074771911,
      "snh_t3_std": 1.0318809976359988,
      "snh_t4": 5.478753962509585,
      "snh_t4_std": 1.1798287330607777,
      "snh_t5": 4.208590361690087,
      "snh_t5_std": 1.1132660521856672,
      "violation_snh": 0.7,
      "violation_ntot": 0.2,
      "violation_tss": 0.0,
      "violation_cod": 0.0,
      "violation_bod5": 0.0
    },
    "rain": {
      "snh": 4.859770481104441,
      "snh_std": 1.410562897850284,
      "sno": 8.90428462490409,
      "sno_std": 1.5012442705885645,
      "ntot": 15.978857986472732,
      "ntot_std": 1.1876805499604106,
      "cod": 51.3141599635896,
      "cod_std": 1.5586010846443463,
      "bod5": 3.186771954198965,
      "bod5_std": 0.26028322729991593,
      "tss": 15.26152736065032,
      "tss_std": 1.0992096142767545,
      "ae": 4015.2329606018066,
      "ae_std": 185.45401124546115,
      "pe": 388.1700000000001,
      "pe_std": 0.0,
      "me": 240.0,
      "me_std": 0.0,
      "eqi": 9376.62973985883,
      "eqi_std": 2359.768330322397,
      "oci": 4643.402960601807,
      "oci_std": 185.4540112454613,
      "reward": -7.203566298866169,
      "reward_std": 4.035495201846503,
      "kla3": 286.30248794555666,
      "kla3_std": 27.187519095245978,
      "kla4": 263.5770774841309,
      "kla4_std": 33.49433970357241,
      "kla5": 127.86043167114258,
      "kla5_std": 25.611299916781412,
      "snh_t3": 7.3969179635269855,
      "snh_t3_std": 0.985621275153771,
      "snh_t4": 5.329295191789073,
      "snh_t4_std": 1.1273139686461173,
      "snh_t5": 4.0834615600549835,
      "snh_t5_std": 1.0507431303332242,
      "violation_snh": 0.7,
      "violation_ntot": 0.15,
      "violation_tss": 0.0,
      "violation_cod": 0.0,
      "violation_bod5": 0.0
    },
    "storm": {
      "snh": 4.656035770734188,
      "snh_std": 1.1825286794537213,
      "sno": 9.919744832507027,
      "sno_std": 0.650782571226145,
      "ntot": 16.630176460866775,
      "ntot_std": 0.5988323617839082,
      "cod": 49.605118744910804,
      "cod_std": 0.5730356881116034,
      "bod5": 2.919987741662897,
      "bod5_std": 0.0970750694235052,
      "tss": 14.027181424667692,
      "tss_std": 0.397967964496415,
      "ae": 3938.021374589708,
      "ae_std": 132.49001435759948,
      "pe": 388.1700000000001,
      "pe_std": 0.0,
      "me": 240.0,
      "me_std": 0.0,
      "eqi": 7412.9823927018315,
      "eqi_std": 984.3709207500347,
      "oci": 4566.191374589708,
      "oci_std": 132.49001435759945,
      "reward": -5.87482772634618,
      "reward_std": 2.91038882597381,
      "kla3": 291.68116149902346,
      "kla3_std": 20.349899353890777,
      "kla4": 251.69146728515625,
      "kla4_std": 19.679917743570122,
      "kla5": 121.3346549987793,
      "kla5_std": 20.60107184250401,
      "snh_t3": 7.679204325732172,
      "snh_t3_std": 1.0311590423310448,
      "snh_t4": 5.470748589724144,
      "snh_t4_std": 1.1790805535454585,
      "snh_t5": 4.2019162854622465,
      "snh_t5_std": 1.1126237562568886,
      "violation_snh": 0.7,
      "violation_ntot": 0.2,
      "violation_tss": 0.0,
      "violation_cod": 0.0,
      "violation_bod5": 0.0
    }
  },
  "td3": {
    "dry": {
      "snh": 4.6646108765944,
      "snh_std": 1.2116809155165191,
      "sno": 10.15220478761384,
      "sno_std": 1.0600984519242493,
      "ntot": 16.859807561880277,
      "ntot_std": 0.7570377936826533,
      "cod": 49.61813222011329,
      "cod_std": 0.5638946743523559,
      "bod5": 2.9235576067142492,
      "bod5_std": 0.09530295694663601,
      "tss": 14.027954709939246,
      "tss_std": 0.39811114617330123,
      "ae": 5437.822851195653,
      "ae_std": 213.69419884879073,
      "pe": 388.1700000000001,
      "pe_std": 0.0,
      "me": 311.982,
      "me_std": 15.996000000000004,
      "eqi": 7489.646891374272,
      "eqi_std": 980.6579295067056,
      "oci": 6137.974851195654,
      "oci_std": 197.69865007186135,
      "reward": -6.671191627713261,
      "reward_std": 3.6751126856662317,
      "kla3": 360.0,
      "kla3_std": 0.0,
      "kla4": 360.0,
      "kla4_std": 0.0,
      "kla5": 197.8620716571808,
      "kla5_std": 36.06991353411701,
      "snh_t3": 7.610251637680531,
      "snh_t3_std": 0.8723060111577062,
      "snh_t4": 5.3161235146133965,
      "snh_t4_std": 1.0884085879041114,
      "snh_t5": 4.473237834933655,
      "snh_t5_std": 1.253610290614333,
      "violation_snh": 0.55,
      "violation_ntot": 0.25,
      "violation_tss": 0.0,
      "violation_cod": 0.0,
      "violation_bod5": 0.0
    },
    "rain": {
      "snh": 4.751702642812527,
      "snh_std": 1.580755421105283,
      "sno": 9.349433655989028,
      "sno_std": 1.6021683053498035,
      "ntot": 16.299128485335764,
      "ntot_std": 1.184380180282871,
      "cod": 51.314349169722036,
      "cod_std": 1.5518026009206642,
      "bod5": 3.1871129535863902,
      "bod5_std": 0.25824960356610427,
      "tss": 15.26191596318063,
      "tss_std": 1.0994081237689382,
      "ae": 5650.904644867473,
      "ae_std": 427.32569792303354,
      "pe": 388.1700000000001,
      "pe_std": 0.0,
      "me": 295.986,
      "me_std": 31.992000000000008,
      "eqi": 9445.623556880055,
      "eqi_std": 2443.504629826986,
      "oci": 6335.060644867473,
      "oci_std": 395.3340343838261,
      "reward": -8.07518152266961,
      "reward_std": 5.90417452594349,
      "kla3": 360.0,
      "kla3_std": 0.0,
      "kla4": 360.0,
      "kla4_std": 0.0,
      "kla5": 233.82861597537993,
      "kla5_std": 72.12924383547082,
      "snh_t3": 7.155545574782513,
      "snh_t3_std": 0.7802482430922578,
      "snh_t4": 5.052624424373472,
      "snh_t4_std": 0.9586869855389581,
      "snh_t5": 4.106481890128462,
      "snh_t5_std": 1.1034092976215786,
      "violation_snh": 0.55,
      "violation_ntot": 0.2,
      "violation_tss": 0.0,
      "violation_cod": 0.0,
      "violation_bod5": 0.0
    },
    "storm": {
      "snh": 4.654194772047618,
      "snh_std": 1.2101334565701156,
      "sno": 10.157673526563496,
      "sno_std": 1.0601086755187206,
      "ntot": 16.85483148958721,
      "ntot_std": 0.7566862842035103,
      "cod": 49.617897167128675,
      "cod_std": 0.5638865613370457,
      "bod5": 2.923580652506496,
      "bod5_std": 0.09530000010852668,
      "tss": 14.027810497430455,
      "tss_std": 0.3981127289999063,
      "ae": 5437.583580877728,
      "ae_std": 213.8175139761742,
      "pe": 388.1700000000001,
      "pe_std": 0.0,
      "me": 311.982,
      "me_std": 15.996000000000004,
      "eqi": 7484.953736762419,
      "eqi_std": 979.6934922882082,
      "oci": 6137.735580877727,
      "oci_std": 197.82226248214752,
      "reward": -6.635232105895115,
      "reward_std": 3.6615493144886213,
      "kla3": 360.0,
      "kla3_std": 0.0,
      "kla4": 360.0,
      "kla4_std": 0.0,
      "kla5": 197.82168469429016,
      "kla5_std": 36.090728165520815,
      "snh_t3": 7.601813982531925,
      "snh_t3_std": 0.872128035736287,